{"tileData":[{"position":{"x":0,"y":0},"color":{"r":0.23529411852359773,"g":0.5333333611488342,"b":0.6666666865348816,"a":1.0}},{"position":{"x":0,"y":1},"color":{"r":0.23529411852359773,"g":0.5333333611488342,"b":0.6666666865348816,"a":1.0}},{"position":{"x":1,"y":1},"color":{"r":1.0,"g":0.0,"b":0.0,"a":1.0}},{"position":{"x":1,"y":0},"color":{"r":1.0,"g":0.0,"b":0.0,"a":1.0}}],"timeLimit":300,"sizeOfLevel":{"x":2,"y":2}}