{"tileData":[{"position":{"x":1,"y":1},"color":{"r":0.6274510025978088,"g":0.125490203499794,"b":0.9411764740943909,"a":1.0}},{"position":{"x":1,"y":0},"color":{"r":0.6274510025978088,"g":0.125490203499794,"b":0.9411764740943909,"a":1.0}},{"position":{"x":0,"y":1},"color":{"r":0.23529411852359773,"g":0.5333333611488342,"b":0.6666666865348816,"a":1.0}},{"position":{"x":0,"y":0},"color":{"r":0.23529411852359773,"g":0.5333333611488342,"b":0.6666666865348816,"a":1.0}}],"sizeOfLevel":{"x":2,"y":2}}