{"tileData":[{"position":{"x":2,"y":2},"color":{"r":1.0,"g":0.0,"b":0.0,"a":1.0},"isActive":true},{"position":{"x":0,"y":2},"color":{"r":0.23529411852359773,"g":0.5333333611488342,"b":0.6666666865348816,"a":1.0},"isActive":true},{"position":{"x":2,"y":0},"color":{"r":0.0,"g":1.0,"b":0.0,"a":1.0},"isActive":true},{"position":{"x":0,"y":0},"color":{"r":1.0,"g":0.9215686321258545,"b":0.01568627543747425,"a":1.0},"isActive":true}],"sizeOfLevel":{"x":3,"y":3}}